tuman,tuman_id,zona,yil,suv_mln_m3,maydon_ming_ga,mehnat_ming_kishi,kapital_2018_mlrd,ogit_kg_ga,paxta_ulush,gala_ulush,sabzavot_ulush,bog_uzum_ulush,shorlanish_indeks,shorlanish_bazaviy,hisoblagich_qamrov,kanal_fik,deflyator,kurs_som_usd,yalpi_2018narx_mlrd,yalpi_joriy_mlrd,suv_m3_ga,yalpi_real_mln_som_ga,yalpi_mln_som_ga,wp_som_m3,wp_real_som_m3,wp_usd_m3,daromad_usd_ga,suv_sigimi_m3_mln_som,ln_yalpi_2018narx_mlrd,ln_suv_mln_m3,ln_mehnat_ming_kishi,ln_maydon_ming_ga,ln_kapital_2018_mlrd,ln_ogit_kg_ga,t
Бухоро,1,bosh,2014,311.9,22.07,14.77,108.0,273.0,0.428,0.351,0.15,0.071,0.277,0.28,50.3,0.578,44.0,2320,427.2,188.0,14132.306298142275,19.356592659719077,8.518350702310828,602.7572940044886,1369.669765950625,0.2598091784502106,3671.702888927082,730.1029962546817,6.057252287645985,5.742682623613757,2.6925980965432883,3.094219220268645,4.68213122712422,5.60947179518496,0
Бухоро,1,bosh,2015,296.0,22.15,12.91,100.5,281.0,0.385,0.358,0.187,0.071,0.273,0.28,54.5,0.586,51.0,2570,425.4,216.9,13363.431151241535,19.205417607223477,9.792325056433409,732.7702702702703,1437.162162162162,0.28512461878220635,3810.2432126200033,695.8157028678891,6.053029902766137,5.69035945432406,2.558002204858551,3.0978374964911444,4.61015772749913,5.638354669333745,1
Бухоро,1,bosh,2016,291.8,22.42,12.33,115.6,294.0,0.329,0.295,0.302,0.074,0.31,0.28,62.9,0.594,59.0,2965,427.1,252.0,13015.165031222123,19.049955396966993,11.239964317573596,863.6052090472926,1463.6737491432489,0.29126651232623696,3790.881725994467,683.2123624443924,6.057018177847421,5.676068636088686,2.512035317176253,3.109953417644014,4.750135956238277,5.683579767338681,2
Бухоро,1,bosh,2017,285.8,22.83,14.49,107.6,305.0,0.355,0.305,0.245,0.095,0.259,0.28,67.3,0.604,74.0,5120,449.5,332.7,12518.615856329392,19.689005694261933,14.57293035479632,1164.1007697690693,1572.778166550035,0.22736343159552136,2846.275459921156,635.817575083426,6.108135853911675,5.655292265495767,2.673458756332591,3.1280754605417043,4.678420647727684,5.720311776607412,3
Бухоро,1,bosh,2018,286.8,22.62,13.59,113.8,295.0,0.338,0.31,0.243,0.109,0.291,0.28,71.1,0.615,100.0,8340,425.4,425.4,12679.045092838196,18.806366047745357,18.806366047745357,1483.26359832636,1483.26359832636,0.17784935231730933,2254.9599577632325,674.1889985895627,6.053029902766137,5.658785108725465,2.6093342281630525,3.1188344706879745,4.73444252169223,5.68697535633982,4
Бухоро,1,bosh,2019,353.0,22.82,15.3,119.0,312.0,0.329,0.268,0.303,0.099,0.255,0.28,71.9,0.622,115.2,9500,505.2,582.0,15468.88694127958,22.138475021910605,25.503943908851884,1648.7252124645893,1431.1614730878186,0.1735500223646936,2684.625674615988,698.7331749802058,6.224954390476336,5.8664680569332965,2.72785282839839,3.1276373444339294,4.77912349311153,5.7430031878094825,5
Бухоро,1,bosh,2020,272.4,22.8,13.25,114.5,298.0,0.306,0.342,0.222,0.13,0.276,0.28,83.2,0.63,132.8,10480,486.0,645.4,11947.368421052632,21.31578947368421,28.30701754385965,2369.309838472834,1784.1409691629956,0.22607918306038494,2701.05129235302,560.4938271604939,6.186208623900494,5.607271574275357,2.583997552432231,3.126760535960395,4.740574822994295,5.697093486505405,6
Бухоро,1,bosh,2021,275.8,23.21,15.24,131.3,308.0,0.301,0.296,0.259,0.144,0.292,0.28,86.6,0.641,152.4,10840,533.9,813.6,11882.809133993967,23.003015941404566,35.053856096510124,2949.9637418419143,1935.8230601885425,0.2721368765536821,3233.7505624086834,516.5761378535307,6.280208555506141,5.619675965359201,2.7239235502585,3.1445832202863455,4.877484781308751,5.730099782973574,7
Бухоро,1,bosh,2022,270.3,23.22,14.25,139.4,313.0,0.273,0.233,0.352,0.142,0.269,0.28,90.7,0.652,175.1,11220,520.1,910.7,11640.826873385013,22.398794142980186,39.22049956933678,3369.2193858675546,1924.158342582316,0.30028693278676954,3495.5881969105867,519.707748509902,6.254021100779027,5.599532453282402,2.6567569067146595,3.1450139762697455,4.937347498326424,5.746203190540153,8
Бухоро,1,bosh,2023,277.6,23.38,13.8,142.7,332.0,0.254,0.223,0.379,0.144,0.224,0.28,95.3,0.664,196.3,12340,602.1,1182.0,11873.396065012832,25.75278015397776,50.556030795551756,4257.92507204611,2168.9481268011527,0.3450506541366377,4096.923079056058,461.05298123235343,6.400423544470402,5.62618122863265,2.624668592163159,3.1518809560439225,4.960744524482791,5.805134968916488,9
Бухоро,1,bosh,2024,277.2,23.97,12.41,147.0,350.0,0.221,0.235,0.395,0.148,0.255,0.28,96.7,0.678,213.9,12780,556.2,1189.7,11564.455569461827,23.20400500625782,49.63287442636629,4291.8470418470415,2006.4935064935064,0.3358252771398311,3883.6364965857815,498.3818770226537,6.3211279417998645,5.624739267315748,2.5185025992165158,3.176803048446293,4.990432586778736,5.857933154483459,10
Вобкент,2,bosh,2014,289.3,22.9,13.34,112.7,274.0,0.431,0.337,0.161,0.071,0.248,0.24,46.3,0.578,44.0,2320,389.5,171.4,12633.187772925765,17.00873362445415,7.48471615720524,592.4645696508815,1346.3532665053579,0.2553726593322765,3226.170757416052,742.7471116816431,5.964863865310803,5.6674642119820895,2.590767040487478,3.131136910560194,4.724729421045731,5.6131281063880705,0
Вобкент,2,bosh,2015,274.8,22.56,13.13,97.5,306.0,0.376,0.326,0.223,0.074,0.221,0.24,53.3,0.586,51.0,2570,437.6,223.2,12180.851063829787,19.397163120567377,9.893617021276595,812.2270742358079,1592.4308588064046,0.3160416631267735,3849.656428512294,627.9707495429616,6.081305251107771,5.616043560348194,2.574899688314705,3.1161784266298582,4.579852378003801,5.723585101952381,1
Вобкент,2,bosh,2016,295.7,23.08,14.04,102.6,296.0,0.392,0.309,0.208,0.091,0.225,0.24,63.4,0.594,59.0,2965,463.6,273.5,12811.958405545927,20.086655112651645,11.850086655112651,924.9239093676023,1567.8052079810618,0.31194735560458764,3996.656544726021,637.8343399482312,6.1390221114655965,5.689345426858432,2.641910398597665,3.138966441639899,4.630837932736669,5.69035945432406,2
Вобкент,2,bosh,2017,275.2,22.66,12.63,108.8,316.0,0.353,0.31,0.23,0.107,0.221,0.24,65.0,0.604,74.0,5120,432.1,319.8,12144.748455428067,19.068843777581645,14.11297440423654,1162.0639534883721,1570.1308139534883,0.2269656159156977,2756.440313327449,636.8896088868318,6.068657042937888,5.617498106059188,2.5360749363624,3.12060125559986,4.689511334421843,5.755742213586912,3
Вобкент,2,bosh,2018,279.2,22.2,13.04,108.2,287.0,0.345,0.29,0.265,0.101,0.21,0.24,73.1,0.615,100.0,8340,471.1,471.1,12576.576576576577,21.22072072072072,21.22072072072072,1687.3209169054442,1687.3209169054442,0.20231665670329066,2544.45092574589,592.655487157716,6.155070385705995,5.631928370888217,2.5680215564985067,3.100092288878234,4.6839813664123815,5.659482215759621,4
Вобкент,2,bosh,2019,272.2,22.5,13.66,118.3,335.0,0.308,0.301,0.257,0.134,0.214,0.24,81.1,0.622,115.2,9500,477.1,549.6,12097.777777777777,21.204444444444444,24.42666666666667,2019.1036002939015,1752.7553269654666,0.2125372210835686,2571.2280701754385,570.5302871515405,6.167726112522061,5.6065370902173655,2.614471854142644,3.1135153092103742,4.773223770984341,5.814130531825066,5
Вобкент,2,bosh,2020,270.6,22.61,11.73,115.3,336.0,0.305,0.286,0.292,0.117,0.213,0.24,87.2,0.63,132.8,10480,492.2,653.6,11968.155683325962,21.76912870411322,28.90756302521008,2415.3732446415374,1818.9209164818922,0.2304745462444215,2758.3552504971453,549.7765136123527,6.198885137956956,5.600641715736688,2.462149662665384,3.1183922862898785,4.747537427275013,5.817111159963204,6
Вобкент,2,bosh,2021,282.2,22.54,11.97,150.6,348.0,0.259,0.243,0.364,0.134,0.19,0.24,95.4,0.641,152.4,10840,557.5,849.7,12519.964507542147,24.733806566104704,37.69742679680568,3010.9851169383414,1975.549255846917,0.277766154699109,3477.6223982293063,506.1883408071749,6.323462503334274,5.642616039418714,2.482403519569882,3.11529150861163,5.014627315365793,5.8522024797744745,7
Вобкент,2,bosh,2022,283.8,22.36,13.73,149.5,336.0,0.263,0.285,0.32,0.132,0.192,0.24,99.0,0.652,175.1,11220,589.4,1032.0,12692.307692307691,26.359570661896242,46.15384615384615,3636.3636363636365,2076.814658210007,0.3240965807810728,4113.533525298231,481.50661689854087,6.379105070303594,5.648269764725942,2.6195832197798796,3.1072736482868986,5.0072963928307415,5.817111159963204,8
Вобкент,2,bosh,2023,281.4,22.39,11.64,158.2,357.0,0.241,0.252,0.338,0.169,0.173,0.24,99.0,0.664,196.3,12340,556.2,1091.8,12568.11076373381,24.841447074586867,48.76284055381866,3879.8862828713577,1976.545842217484,0.31441542000578265,3951.6078244585633,505.933117583603,6.3211279417998645,5.639777144680289,2.454447442303292,3.1086144306106633,5.063860055333554,5.877735781779639,9
Вобкент,2,bosh,2024,281.3,22.86,11.96,192.4,356.0,0.239,0.246,0.347,0.167,0.185,0.24,99.0,0.678,213.9,12780,643.6,1376.8,12305.336832895888,28.15398075240595,60.22747156605424,4894.418769996445,2287.948809100604,0.3829748646319597,4712.63470782897,437.07271597265384,6.467077415118228,5.6394217154958115,2.481567748522486,3.1293886583666644,5.259576538231606,5.87493073085203,10
Ғиждувон,3,bosh,2014,390.3,30.66,17.94,151.6,298.0,0.411,0.322,0.196,0.07,0.213,0.22,47.8,0.578,44.0,2320,592.4,260.6,12729.941291585128,19.321591650358773,8.499673842139597,667.6915193440943,1517.806815270305,0.2877980686827993,3663.652518163619,658.8453747467927,6.384182082393644,5.966915674186569,2.88703285663065,3.422958873443668,5.021245473208271,5.697093486505405,0
Ғиждувон,3,bosh,2015,387.4,30.47,16.89,152.2,301.0,0.4,0.296,0.23,0.074,0.226,0.22,50.6,0.586,51.0,2570,577.1,294.3,12714.145060715458,18.939940925500494,9.658680669510995,759.6799173980382,1489.674754775426,0.29559529859845846,3758.241505646301,671.2874718419685,6.358015561716921,5.959457750972896,2.826721730819709,3.416742592997618,5.025195445427586,5.707110264748875,1
Ғиждувон,3,bosh,2016,361.4,30.64,18.82,163.7,304.0,0.337,0.348,0.225,0.089,0.231,0.22,56.3,0.594,59.0,2965,600.7,354.4,11795.039164490861,19.60509138381201,11.566579634464752,980.6308799114554,1662.147205312673,0.33073554128548244,3901.0386625513497,601.6314299983353,6.3980956418561155,5.889985378158128,2.9349201341572337,3.4223063448723905,5.098035484377089,5.717027701406222,2
Ғиждувон,3,bosh,2017,366.1,30.53,15.7,171.1,309.0,0.376,0.304,0.218,0.101,0.23,0.22,65.9,0.604,74.0,5120,650.9,481.7,11991.483786439567,21.320013101867016,15.777923354077956,1315.7607211144496,1777.929527451516,0.2569845158426659,3081.625655093351,562.4519895529268,6.4783560205783415,5.902906520126191,2.7536607123542622,3.4187098067467865,5.1422481808981475,5.733341276897746,3
Ғиждувон,3,bosh,2018,383.8,31.83,18.54,225.6,318.0,0.354,0.27,0.27,0.106,0.22,0.22,67.7,0.615,100.0,8340,643.5,643.5,12057.807100219918,20.216776625824693,20.216776625824693,1676.6545075560189,1676.6545075560189,0.20103771073813176,2424.073935950203,596.4257964257964,6.466922027036182,5.950121583573599,2.919930560137709,3.4604092412940015,5.418763519623904,5.762051382780177,4
Ғиждувон,3,bosh,2019,354.4,31.12,17.21,219.4,341.0,0.325,0.288,0.255,0.132,0.177,0.22,75.0,0.622,115.2,9500,740.6,853.1,11388.174807197944,23.798200514138816,27.41323907455013,2407.1670428893904,2089.729119638826,0.2533860045146727,2885.60411311054,478.5309208749662,6.607460668479512,5.870426218730926,2.845490610223448,3.4378506993101907,5.3908965478411295,5.831882477283517,5
Ғиждувон,3,bosh,2020,372.6,30.82,18.28,246.3,350.0,0.287,0.241,0.341,0.132,0.223,0.22,81.1,0.63,132.8,10480,756.4,1004.4,12089.55223880597,24.542504866969498,32.58922777417261,2695.6521739130435,2030.0590445517983,0.2572187188848324,3109.659138756929,492.5965097831835,6.6285703367843025,5.920505458167488,2.905807566026004,3.42816382989197,5.506550305126492,5.857933154483459,6
Ғиждувон,3,bosh,2021,353.5,30.3,17.65,279.6,362.0,0.323,0.25,0.309,0.119,0.238,0.22,84.6,0.641,152.4,10840,741.0,1129.2,11666.666666666666,24.455445544554458,37.26732673267327,3194.342291371994,2096.1810466760962,0.29468102318929834,3437.9452705418144,477.05802968960865,6.608000625296087,5.867883485336628,2.8707357833793057,3.4111477125153233,5.633360010359655,5.8916442118257715,7
Ғиждувон,3,bosh,2022,329.4,30.76,18.38,264.2,329.0,0.25,0.249,0.358,0.144,0.225,0.22,87.2,0.652,175.1,11220,800.9,1402.4,10708.712613784135,26.0370611183355,45.59167750325098,4257.437765634487,2431.390406800243,0.3794507812508455,4063.429367491174,411.2873017854913,6.685736095329637,5.79727281774354,2.911263116927541,3.4262151446374434,5.576706392088225,5.796057750765372,8
Ғиждувон,3,bosh,2023,359.1,31.48,21.59,334.9,339.0,0.231,0.239,0.366,0.165,0.206,0.22,95.8,0.664,196.3,12340,866.6,1701.1,11407.242693773826,27.52858958068615,54.03748411689962,4737.120579225842,2413.2553606237816,0.3838833532597927,4379.050576734167,414.37802907915994,6.764577509305809,5.883600901232037,3.072230244526716,3.4493524235492026,5.813831979800159,5.82600010738045,9
Ғиждувон,3,bosh,2024,395.4,32.47,19.18,336.6,379.0,0.245,0.249,0.34,0.166,0.2,0.22,99.0,0.678,213.9,12780,937.9,2006.3,12177.39451801663,28.88512473052048,61.78934400985525,5074.102175012646,2372.02832574608,0.3970345989837751,4834.846949127954,421.58012581298647,6.843643333514893,5.979897910736517,2.953868069455292,3.4803165861147547,5.8188952817567055,5.937536205082426,10
Жондор,4,orta,2014,519.1,34.68,23.94,167.8,257.0,0.386,0.324,0.222,0.068,0.353,0.36,51.7,0.578,44.0,2320,565.2,248.7,14968.281430219147,16.29757785467128,7.171280276816609,479.09843960701215,1088.8075515314968,0.20650794810647075,3091.0690848347454,918.4359518754424,6.337179650810373,6.252096542833184,3.1755507001298273,3.546163151912341,5.122772794033106,5.54907608489522,0
Жондор,4,orta,2015,506.7,33.0,21.45,157.8,265.0,0.391,0.317,0.207,0.085,0.339,0.36,54.5,0.586,51.0,2570,612.7,312.5,15354.545454545454,18.566666666666666,9.469696969696969,616.7357410696665,1209.196763370831,0.23997499652516205,3684.7069920999884,826.9952668516403,6.417875419731609,6.227919112481864,3.065724645374026,3.4965075614664802,5.061328408411774,5.579729825986222,1
Жондор,4,orta,2016,411.7,32.98,20.05,184.1,275.0,0.386,0.301,0.225,0.088,0.381,0.36,53.7,0.594,59.0,2965,595.6,351.4,12483.323226197695,18.05942995755003,10.654942389326864,853.534126791353,1446.6844789895556,0.2878698572652118,3593.572475321034,691.2357286769644,6.389569300809854,6.020294928775859,2.998229153752578,3.4959013171314526,5.215479088239032,5.616771097666572,2
Жондор,4,orta,2017,413.0,33.09,20.97,198.7,280.0,0.358,0.299,0.242,0.101,0.36,0.36,58.9,0.604,74.0,5120,640.3,473.8,12481.112118464793,19.35025687518888,14.318525234209732,1147.2154963680387,1550.363196125908,0.22406552663438256,2796.5869598065883,645.0101514914884,6.461936816524757,6.023447592961033,3.0430928449138284,3.499231121933521,5.291796149557771,5.634789603169249,3
Жондор,4,orta,2018,500.3,33.49,19.45,186.6,267.0,0.358,0.28,0.265,0.098,0.331,0.36,67.0,0.615,100.0,8340,711.4,711.4,14938.787697820246,21.242161839355035,21.242161839355035,1421.9468319008595,1421.9468319008595,0.17049722205046278,2547.02180327998,703.2611751475963,6.567234859514355,6.215207918494159,2.9678470700644555,3.5112468868061133,5.228967288413243,5.58724865840025,4
Жондор,4,orta,2019,507.1,33.8,18.77,223.6,266.0,0.28,0.342,0.254,0.124,0.315,0.36,70.6,0.622,115.2,9500,652.4,751.6,15002.958579881657,19.301775147928993,22.236686390532547,1482.1534214158944,1286.5312561624926,0.15601614962272572,2340.703830582373,777.2838749233599,6.4806578707468585,6.228708222800973,2.9322598505984176,3.520460802488973,5.409858741280944,5.583496308781699,5
Жондор,4,orta,2020,434.5,32.55,21.76,238.3,302.0,0.31,0.273,0.29,0.126,0.4,0.36,72.2,0.63,132.8,10480,743.2,987.0,13348.694316436253,22.83256528417819,30.322580645161292,2271.576524741082,1710.4718066743383,0.21675348518521773,2893.3760157596657,584.6340150699677,6.6109651874996285,6.074195944705447,3.080073421987742,3.482777368654578,5.473530384104697,5.71042701737487,6
Жондор,4,orta,2021,419.6,31.98,16.95,237.3,292.0,0.305,0.286,0.269,0.14,0.414,0.36,78.3,0.641,152.4,10840,697.7,1063.2,13120.700437773608,21.81676047529706,33.24577861163227,2533.8417540514774,1662.7740705433746,0.23374923930364183,3066.953746460542,601.4046151641106,6.547789210945191,6.039301876522142,2.830267833826459,3.4651107074058083,5.4693251634417175,5.676753802268282,7
Жондор,4,orta,2022,394.3,32.15,17.89,243.0,317.0,0.261,0.251,0.344,0.143,0.329,0.36,79.7,0.652,175.1,11220,738.3,1292.7,12264.385692068428,22.964230171073094,40.208398133748055,3278.4681714430635,1872.4321582551356,0.292198589255175,3583.6361973037483,534.06474332927,6.60435024606512,5.977112040883582,2.884241897520628,3.4704124506836282,5.493061443340548,5.75890177387728,8
Жондор,4,orta,2023,437.8,31.05,17.25,259.9,339.0,0.243,0.255,0.363,0.139,0.307,0.36,85.9,0.664,196.3,12340,744.3,1461.2,14099.838969404187,23.971014492753625,47.05958132045089,3337.5970762905436,1700.0913659205116,0.2704697792780019,3813.5803339101203,588.2036813112992,6.612444179365865,6.081762185088762,2.847812143477369,3.435598808379488,5.560296941647445,5.82600010738045,9
Жондор,4,orta,2024,429.6,31.52,19.44,298.8,314.0,0.247,0.212,0.394,0.147,0.316,0.36,86.1,0.678,213.9,12780,771.1,1649.4,13629.441624365481,24.463832487309645,52.328680203045685,3839.3854748603353,1794.9255121042831,0.3004213986588682,4094.575915731274,557.1261833744002,6.647818066838915,6.062854543194655,2.967332799032293,3.4506222649896783,5.699774453258662,5.749392985908253,10
Когон,5,orta,2014,299.7,19.46,11.91,94.5,298.0,0.403,0.346,0.184,0.067,0.321,0.33,62.4,0.578,44.0,2320,382.4,168.2,15400.82219938335,19.650565262076054,8.643371017471736,561.2278945612279,1275.9426092759427,0.2419085752419086,3725.5909558067833,783.7343096234309,5.946467181177246,5.702781974322617,2.477378383367209,2.968361076757859,4.548599834499697,5.697093486505405,0
Когон,5,orta,2015,280.9,19.72,12.4,101.6,283.0,0.392,0.296,0.228,0.084,0.336,0.33,66.7,0.586,51.0,2570,351.1,179.0,14244.421906693711,17.804259634888435,9.077079107505073,637.2374510501958,1249.9110003559986,0.24795231558373376,3531.93739591637,800.0569638279692,5.861071083174386,5.637998734110198,2.517696472610991,2.9816333491744893,4.6210435351443815,5.645446897643238,1
Когон,5,orta,2016,232.8,19.26,13.32,104.1,273.0,0.363,0.335,0.206,0.097,0.358,0.33,71.1,0.594,59.0,2965,380.6,224.5,12087.227414330218,19.761163032191067,11.656282450674974,964.3470790378007,1634.8797250859106,0.325243534245464,3931.292563465421,611.6657908565423,5.9417489548620495,5.450179715857283,2.589266665112243,2.9580304063699794,4.645351975620923,5.60947179518496,2
Когон,5,orta,2017,261.4,19.45,12.01,105.5,308.0,0.334,0.341,0.235,0.09,0.312,0.33,73.7,0.604,74.0,5120,347.6,257.2,13439.588688946014,17.87146529562982,13.223650385604113,983.9326702371845,1329.7628156082633,0.1921743496557001,2582.7442159383036,752.0138089758342,5.851052393391237,5.566051801190121,2.485739636091892,2.9678470700644555,4.658710952916121,5.730099782973574,3
Когон,5,orta,2018,266.2,19.28,11.77,113.9,284.0,0.347,0.329,0.213,0.112,0.345,0.33,82.1,0.615,100.0,8340,406.9,406.9,13807.053941908714,21.104771784232366,21.104771784232366,1528.54996243426,1528.54996243426,0.18327937199451558,2530.54817556743,654.2147947898746,6.008567455007644,5.5842479059610115,2.4655539212721855,2.9590682891823996,4.735320870453137,5.648974238161206,4
Когон,5,orta,2019,232.5,18.91,10.68,116.4,288.0,0.346,0.29,0.236,0.127,0.32,0.33,85.1,0.622,115.2,9500,400.4,461.2,12295.081967213115,21.17398202009519,24.389212057112637,1983.6559139784947,1722.1505376344087,0.2088058856819468,2567.2854796960673,580.6693306693306,5.992464047441065,5.448890225027411,2.3683728335320486,2.9396908826703663,4.757032535297338,5.662960480135946,5
Когон,5,orta,2020,230.9,18.95,11.39,130.8,295.0,0.296,0.279,0.294,0.131,0.319,0.33,86.1,0.63,132.8,10480,419.3,556.8,12184.696569920845,22.12664907651715,29.382585751978894,2411.433521004764,1815.9376353399741,0.2300986184164851,2803.681846562871,550.6797042690198,6.038586654176717,5.44198471636045,2.432735777459091,2.9418039315284354,4.873669439023098,5.68697535633982,6
Когон,5,orta,2021,215.9,19.18,9.86,133.5,304.0,0.254,0.309,0.295,0.143,0.339,0.33,93.6,0.641,152.4,10840,413.1,629.5,11256.517205422315,21.538060479666317,32.82064650677789,2915.7017137563685,1913.3858267716535,0.26897617285575354,3027.734917599437,522.633744855967,6.0236896944027185,5.3748153375207615,2.288486168614544,2.953868069455292,4.894101477840304,5.717027701406222,7
Когон,5,orta,2022,228.1,19.3,11.96,156.3,312.0,0.3,0.276,0.284,0.14,0.323,0.33,93.7,0.652,175.1,11220,430.8,754.3,11818.652849740933,22.321243523316063,39.082901554404145,3306.882946076282,1888.6453309951776,0.294731100363305,3483.3245592160556,529.4800371402042,6.0656439452822335,5.429784129290343,2.481567748522486,2.9601050959108397,5.051777237427431,5.7430031878094825,8
Когон,5,orta,2023,233.4,18.86,12.33,137.4,302.0,0.234,0.226,0.378,0.162,0.338,0.33,99.0,0.664,196.3,12340,441.0,865.7,12375.397667020148,23.382820784729585,45.901378579003186,3709.083119108826,1889.4601542416453,0.3005739966862906,3719.7227373584424,529.2517006802722,6.089044875446846,5.452753719852455,2.512035317176253,2.937043277205311,4.922896379788249,5.71042701737487,9
Когон,5,orta,2024,266.9,18.89,10.47,144.9,329.0,0.221,0.251,0.365,0.162,0.302,0.33,99.0,0.678,213.9,12780,534.9,1144.2,14129.168872419268,28.316569613552147,60.57173107464266,4286.998875983515,2004.1213937804423,0.3354459214384597,4739.572071568284,498.97177042437835,6.282079813537204,5.586874056410478,2.3485140248824456,2.9386326815134183,4.976043849326636,5.796057750765372,10
Олот,6,oxirgi,2014,529.4,31.6,19.79,149.1,235.0,0.42,0.342,0.159,0.08,0.534,0.62,36.7,0.543,44.0,2320,449.4,197.8,16753.164556962027,14.221518987341772,6.259493670886076,373.6305251227805,848.8855307895731,0.16104764013912953,2698.0576167612394,1178.0151312861594,6.107913359751229,6.271744289793001,2.9851767596144745,3.4531571205928664,5.004617221770693,5.459585514144159,0
Олот,6,oxirgi,2015,473.4,30.24,20.3,153.5,215.0,0.439,0.342,0.158,0.062,0.611,0.62,45.8,0.551,51.0,2570,478.9,244.2,15654.761904761905,15.83664021164021,8.075396825396826,515.8428390367554,1011.6180819602873,0.20071705799095543,3142.1777530726945,988.5153476717478,6.171491807348564,6.159940697079883,3.0106208860477417,3.4091655513113324,5.033700567027251,5.3706380281276624,1
Олот,6,oxirgi,2016,463.2,29.9,19.78,149.8,237.0,0.417,0.329,0.162,0.093,0.6,0.62,43.5,0.558,59.0,2965,423.7,250.0,15491.638795986622,14.170568561872908,8.361204013377927,539.7236614853196,914.7236614853196,0.1820315890338346,2819.967626771645,1093.2263393910787,6.049025657632513,6.138158926258786,2.984671326194566,3.3978584803966405,5.00930107108312,5.4680601411351315,2
Олот,6,oxirgi,2017,451.2,30.62,19.15,158.2,239.0,0.389,0.32,0.185,0.106,0.609,0.62,48.0,0.568,74.0,5120,517.5,383.0,14735.467015022861,16.900718484650557,12.508164598301763,848.8475177304964,1146.9414893617022,0.16579053080673758,2443.000898105813,871.8840579710145,6.249009525139524,6.1119107001838495,2.952302715626655,3.4216533902295376,5.063860055333554,5.476463551931511,3
Олот,6,oxirgi,2018,423.2,29.6,17.58,151.7,238.0,0.35,0.321,0.229,0.099,0.638,0.62,47.6,0.578,100.0,8340,475.4,475.4,14297.297297297297,16.06081081081081,16.06081081081081,1123.3459357277882,1123.3459357277882,0.13469375728150937,1925.7566919437422,890.1977282288599,6.164156554926094,6.04784488054409,2.866761892257031,3.3877743613300146,5.021904886354487,5.472270673671475,4
Олот,6,oxirgi,2019,448.7,28.36,18.36,142.4,263.0,0.342,0.282,0.253,0.124,0.59,0.62,58.0,0.585,115.2,9500,492.1,567.0,15821.579689703809,17.351904090267983,19.992947813822283,1263.650546021841,1096.7238689547582,0.13301584694966748,2104.520822507609,911.8065433854907,6.198681947871933,6.106354512981937,2.9101743851923443,3.344979701663927,4.958639998977875,5.572154032177765,5
Олот,6,oxirgi,2020,371.6,28.87,18.39,174.3,256.0,0.332,0.283,0.246,0.14,0.591,0.62,61.9,0.592,132.8,10480,525.7,698.2,12871.492899203326,18.209213716660894,24.184274333217875,1878.902045209903,1414.693218514532,0.17928454629865487,2307.659764620026,706.8670344302834,6.264730707825403,5.917818006939683,2.91180703861623,3.3628029936748436,5.160777952525975,5.545177444479562,6
Олот,6,oxirgi,2021,332.1,27.94,17.14,181.7,276.0,0.308,0.326,0.241,0.126,0.629,0.62,63.1,0.603,152.4,10840,457.5,697.2,11886.184681460272,16.374373657838227,24.95347172512527,2099.36766034327,1377.5971093044263,0.1936686033527002,2301.9807864506706,725.9016393442623,6.125776884715576,5.805436128382701,2.8414149131696336,3.330059353828816,5.202356975402125,5.62040086571715,7
Олот,6,oxirgi,2022,413.9,28.18,15.9,183.0,270.0,0.291,0.26,0.295,0.154,0.533,0.62,64.1,0.613,175.1,11220,518.2,907.4,14687.721788502484,18.388928317956,32.20014194464159,2192.3169847789322,1251.9932350809377,0.19539367065765884,2869.8878738539743,798.7263604785796,6.250361268128009,6.025624398754687,2.766319109226186,3.3386125064705343,5.209486152841421,5.598421958998375,8
Олот,6,oxirgi,2023,428.0,28.0,14.25,182.4,261.0,0.222,0.222,0.396,0.16,0.495,0.62,73.9,0.624,196.3,12340,529.6,1039.6,15285.714285714286,18.91428571428571,37.128571428571426,2428.971962616822,1237.3831775700935,0.1968372741180569,3008.798332947441,808.1570996978852,6.272122004622799,6.059123195581797,2.6567569067146595,3.332204510175204,5.206202077640231,5.564520407322694,9
Олот,6,oxirgi,2024,412.1,26.77,16.49,194.4,265.0,0.204,0.245,0.399,0.152,0.562,0.62,72.6,0.637,213.9,12780,558.1,1193.8,15394.09787075084,20.847964138961522,44.59469555472544,2896.869691822373,1354.2829410337297,0.22667211986090557,3489.412797709346,738.3981365346712,6.324538157794388,6.021266038344772,2.8027541365715076,3.2872818575322613,5.2699178920263385,5.579729825986222,10
Пешку,7,orta,2014,301.0,24.29,14.24,118.2,270.0,0.416,0.348,0.165,0.071,0.325,0.31,40.0,0.578,44.0,2320,377.0,165.9,12391.930835734871,15.52079044874434,6.829971181556196,551.1627906976744,1252.4916943521594,0.23757016840417,2943.95309549836,798.4084880636605,5.932245187448011,5.707110264748875,2.65605490598383,3.190064743014081,4.772378104971998,5.598421958998375,0
Пешку,7,orta,2015,311.3,24.92,16.59,130.9,292.0,0.39,0.319,0.212,0.079,0.317,0.31,44.3,0.586,51.0,2570,443.8,226.3,12491.974317817014,17.808988764044944,9.081059390048154,726.9514937359461,1425.6344362351429,0.2828605033992008,3533.4861439876086,701.4420910319964,6.095374010498493,5.7407570774475625,2.808800104202353,3.2156706939192525,4.874433672915854,5.676753802268282,1
Пешку,7,orta,2016,336.9,23.95,13.22,139.5,287.0,0.39,0.302,0.219,0.088,0.322,0.31,53.9,0.594,59.0,2965,363.7,214.6,14066.805845511482,15.18580375782881,8.960334029227557,636.984268328881,1079.5488275452656,0.21483449184785192,3022.0350857428525,926.3128952433324,5.896329351992943,5.819786150412507,2.5817308344235403,3.175968323856924,4.93806460126142,5.659482215759621,2
Пешку,7,orta,2017,313.4,24.39,14.39,161.9,294.0,0.364,0.314,0.209,0.113,0.288,0.31,52.8,0.604,74.0,5120,459.2,339.8,12849.528495284952,18.82738827388274,13.931939319393193,1084.2373962986599,1465.2201659221441,0.21176511646458201,2721.0818983189833,682.4912891986063,6.129485845005356,5.74748032992192,2.6665335208992764,3.194173212227829,5.0869788606835895,5.683579767338681,3
Пешку,7,orta,2018,338.8,23.96,13.47,163.7,286.0,0.357,0.311,0.209,0.123,0.31,0.31,59.8,0.615,100.0,8340,477.1,477.1,14140.233722871453,19.91235392320534,19.91235392320534,1408.2054309327036,1408.2054309327036,0.168849572054281,2387.5724128543575,710.1236638021379,6.167726112522061,5.8254099627779,2.6004649904222727,3.1763857732472487,5.098035484377089,5.655991810819852,4
Пешку,7,orta,2019,314.7,24.02,14.62,169.8,302.0,0.271,0.288,0.323,0.118,0.27,0.31,59.0,0.622,115.2,9500,482.0,555.3,13101.58201498751,20.06661115736886,23.118234804329727,1764.5376549094376,1531.6174134095963,0.1857408057799408,2433.4984004557605,652.9045643153527,6.1779441140506,5.751619804070361,2.6823904543216326,3.1788868166518376,5.134621273877247,5.71042701737487,5
Пешку,7,orta,2020,302.1,24.17,12.95,187.6,312.0,0.295,0.233,0.349,0.123,0.283,0.31,59.0,0.63,132.8,10480,519.4,689.8,12498.965659908978,21.489449731071577,28.53951179147704,2283.349884144323,1719.298245614035,0.21787689734201554,2723.2358579653664,581.6326530612245,6.252674299228648,5.710758088392627,2.5610957881455465,3.1851121947153915,5.234312036572124,5.7430031878094825,6
Пешку,7,orta,2021,264.7,23.51,13.79,212.4,319.0,0.274,0.261,0.335,0.129,0.275,0.31,61.3,0.641,152.4,10840,501.1,763.7,11259.03870693322,21.3143343258188,32.484049340706086,2885.1530034000757,1893.086513033623,0.2661580261439184,2996.6835185153213,528.2378766713231,6.216805681965679,5.578597109233056,2.6239436918052106,3.157425862551978,5.358471289367784,5.765191102784844,7
Пешку,7,orta,2022,321.1,23.3,14.04,230.9,313.0,0.29,0.231,0.344,0.135,0.25,0.31,69.1,0.652,175.1,11220,588.2,1030.0,13781.115879828327,25.24463519313305,44.20600858369099,3207.72345063843,1831.8280909374027,0.28589335567187435,3939.9294637870757,545.9027541652499,6.377067026119895,5.771752601095469,2.641910398597665,3.1484533605716547,5.44198471636045,5.746203190540153,8
Пешку,7,orta,2023,358.7,24.22,12.97,243.3,358.0,0.259,0.272,0.31,0.16,0.254,0.31,69.0,0.664,196.3,12340,605.5,1188.7,14810.074318744839,25.0,49.07927332782825,3313.911346529133,1688.0401449679398,0.26855035223088597,3977.2506748645255,592.4029727497935,6.406054562993147,5.882486384538237,2.5626389983283526,3.1871787381249463,5.494295249789477,5.8805329864007,9
Пешку,7,orta,2024,290.6,23.82,15.5,238.4,322.0,0.213,0.266,0.361,0.16,0.263,0.31,73.8,0.678,213.9,12780,602.6,1288.9,12199.83207388749,25.298068849706127,54.109991603694375,4435.306262904336,2073.6407432897454,0.34705056830237374,4233.958654436179,482.24361101891805,6.401253626696201,5.671947751136183,2.740840023925201,3.170525563927154,5.473949935191195,5.7745515455444085,10
Ромитан,8,orta,2014,386.8,26.78,18.68,130.6,270.0,0.403,0.309,0.212,0.076,0.292,0.3,42.8,0.578,44.0,2320,467.5,205.7,14443.614637789395,17.457057505601195,7.681105302464526,531.7993795243019,1208.6349534643227,0.2292238704846129,3310.8212510622952,827.379679144385,6.147399348728742,5.957907763579139,2.9274534328006965,3.2876553402630266,4.8721392168423305,5.598421958998375,0
Ромитан,8,orta,2015,392.6,26.65,13.58,117.1,257.0,0.43,0.298,0.191,0.08,0.288,0.3,43.7,0.586,51.0,2570,490.4,250.1,14731.707317073171,18.401500938086304,9.384615384615383,637.0351502801834,1249.1085073866532,0.24787359933081066,3651.601316970967,800.5709624796085,6.195221384622002,5.972791281842361,2.60859812213055,3.2827891506118534,4.763028270603671,5.54907608489522,1
Ромитан,8,orta,2016,362.0,26.57,16.73,130.4,287.0,0.361,0.305,0.24,0.094,0.279,0.3,47.5,0.594,59.0,2965,473.8,279.6,13624.388407978924,17.83214151298457,10.523146405720738,772.3756906077348,1308.8397790055249,0.2604977034090168,3549.12189063094,764.0354579991557,6.160785291724685,5.8916442118257715,2.8172035149987327,3.279782759771722,4.870606649492553,5.659482215759621,2
Ромитан,8,orta,2017,332.3,26.32,16.42,129.6,291.0,0.351,0.317,0.216,0.116,0.287,0.3,48.7,0.604,74.0,5120,528.2,390.9,12625.379939209726,20.06838905775076,14.851823708206688,1176.3466746915437,1589.527535359615,0.22975520990069215,2900.7468180091187,629.117758424839,6.269474999863032,5.806038175360548,2.7985001040242823,3.2703291064571163,4.864452783918174,5.673323267171493,3
Ромитан,8,orta,2018,312.6,26.87,16.92,142.3,296.0,0.342,0.302,0.258,0.098,0.274,0.3,50.9,0.615,100.0,8340,515.2,515.2,11633.792333457388,19.173799776702648,19.173799776702648,1648.1126039667308,1648.1126039667308,0.19761542013989578,2299.01675979648,606.7546583850931,6.244555174790144,5.744924417987376,2.8284963541780774,3.2910104226273997,4.957937505095806,5.69035945432406,4
Ромитан,8,orta,2019,349.1,26.08,16.8,160.8,301.0,0.353,0.302,0.239,0.106,0.242,0.3,59.6,0.622,115.2,9500,541.2,623.4,13385.736196319018,20.751533742331294,23.903374233128833,1785.7347464909767,1550.2721283299916,0.18797207857799755,2516.1446561188245,645.0480413895048,6.293788896296633,5.855358414110991,2.8213788864092133,3.261168737058452,5.080161356744866,5.707110264748875,5
Ромитан,8,orta,2020,331.2,26.56,15.28,167.3,292.0,0.306,0.266,0.291,0.136,0.287,0.3,63.1,0.63,132.8,10480,560.9,744.9,12469.87951807229,21.118222891566266,28.04593373493976,2249.0942028985505,1693.538647342995,0.21460822546741895,2676.138715166008,590.4795863790337,6.329542636514291,5.8027224225111045,2.7265447837383743,3.279406324608233,5.119788607992779,5.676753802268282,6
Ромитан,8,orta,2021,313.3,25.98,15.08,182.5,326.0,0.308,0.287,0.273,0.132,0.302,0.3,62.6,0.641,152.4,10840,559.4,852.6,12059.276366435719,21.53194765204003,32.8175519630485,2721.353335461219,1785.5090967124163,0.25104735566985414,3027.4494430856553,560.0643546657133,6.32686478076786,5.747161197958146,2.71336936257981,3.2573270112424533,5.206750173022546,5.786897381366708,7
Ромитан,8,orta,2022,330.4,25.81,15.42,183.4,338.0,0.289,0.283,0.29,0.138,0.28,0.3,62.7,0.652,175.1,11220,585.5,1025.2,12801.23982952344,22.685005811700893,39.72103835722588,3102.905569007264,1772.094430992736,0.2765512984854959,3540.1994970789556,564.3040136635354,6.372466183037772,5.800304041646823,2.7356653681351832,3.2507620137305224,5.211669559822364,5.823045895483019,8
Ромитан,8,orta,2023,343.1,26.23,14.12,176.9,352.0,0.245,0.241,0.361,0.154,0.267,0.3,68.0,0.664,196.3,12340,654.9,1285.6,13080.442241707968,24.967594357605797,49.01258101410598,3747.0125327892742,1908.7729524919848,0.3036476930947548,3971.8461113538074,523.8967781340663,6.484482552224008,5.838021949864404,2.647592232065096,3.2669037938787824,5.17558460116574,5.863631175598097,9
Ромитан,8,orta,2024,293.6,25.42,16.68,184.2,348.0,0.258,0.206,0.366,0.17,0.232,0.3,71.9,0.678,213.9,12780,646.1,1382.0,11549.960660896932,25.41699449252557,54.366640440597955,4707.08446866485,2200.6130790190737,0.3683164685966236,4254.040723051483,454.4188206160037,6.47095429056412,5.682218296740361,2.8142103969306005,3.2355362657613083,5.216022123821206,5.8522024797744745,10
Шофиркон,9,bosh,2014,398.5,28.97,18.02,142.0,265.0,0.404,0.326,0.192,0.078,0.226,0.26,44.0,0.578,44.0,2320,538.2,236.8,13755.609250949257,18.57783914394201,8.173973075595443,594.228356336261,1350.5646173149312,0.2561329122139056,3523.2642567221737,740.431066518023,6.2882302382928055,5.98770749823027,2.8914822521801917,3.366260811781259,4.955827057601261,5.579729825986222,0
Шофиркон,9,bosh,2015,401.2,28.97,17.95,147.2,287.0,0.4,0.312,0.192,0.095,0.246,0.26,56.2,0.586,51.0,2570,543.4,277.1,13848.809112875388,18.75733517431826,9.56506731101139,690.6779661016949,1354.4366899302095,0.2687462903119435,3721.8160743234985,738.3143172616857,6.297845696992248,5.994460056087781,2.8875901149342877,3.366260811781259,4.991792206294776,5.659482215759621,1
Шофиркон,9,bosh,2016,375.8,28.94,16.96,157.6,308.0,0.388,0.359,0.17,0.084,0.274,0.26,58.9,0.594,59.0,2965,565.8,333.8,12985.487214927436,19.550794747753972,11.534208707671045,888.2384246939862,1505.5880787653007,0.29957451085800546,3890.12098066477,664.192294096854,6.338240658867467,5.929057086979365,2.830857630363757,3.365224721203338,5.060060177423779,5.730099782973574,2
Шофиркон,9,bosh,2017,379.8,29.66,19.96,168.3,320.0,0.347,0.28,0.288,0.084,0.241,0.26,68.4,0.604,74.0,5120,627.8,464.6,12805.124747134187,21.166554281861092,15.664194200944033,1223.2754081095313,1652.9752501316482,0.23892097814639285,3059.4129298718813,604.969735584581,6.442221644407853,5.939644798378185,2.993730270883318,3.389799336709786,5.12574810119676,5.768320995793772,3
Шофиркон,9,bosh,2018,355.0,28.84,18.02,154.3,302.0,0.342,0.293,0.26,0.105,0.252,0.26,74.2,0.615,100.0,8340,619.4,619.4,12309.292649098474,21.477115117891817,21.477115117891817,1744.7887323943662,1744.7887323943662,0.2092072820616746,2575.193659219642,573.1352922182757,6.428751267539102,5.872117789475416,2.8914822521801917,3.3617633124167483,5.038898759369115,5.71042701737487,4
Шофиркон,9,bosh,2019,374.2,29.37,19.42,164.3,311.0,0.313,0.306,0.26,0.121,0.233,0.26,84.6,0.622,115.2,9500,651.3,750.3,12740.892066734763,22.175689479060267,25.5464759959142,2005.0774986638162,1740.513094601817,0.2110607893330333,2689.1027364120205,574.5432212498081,6.478970365552356,5.92479041383999,2.966303462863179,3.379973745210529,5.101694025043223,5.739792912179234,5
Шофиркон,9,bosh,2020,370.5,29.03,19.35,160.7,306.0,0.284,0.301,0.294,0.121,0.225,0.26,91.6,0.63,132.8,10480,670.2,890.0,12762.659317946951,23.086462280399587,30.657940062004823,2402.1592442645074,1808.906882591093,0.22921366834584994,2925.3759601149636,552.8200537153089,6.50757617530321,5.914853444736141,2.962692419475791,3.3683297780365384,5.0795392727434665,5.723585101952381,6
Шофиркон,9,bosh,2021,334.8,28.05,18.15,176.1,342.0,0.274,0.252,0.34,0.134,0.278,0.26,99.0,0.641,152.4,10840,667.0,1016.6,11935.828877005348,23.778966131907307,36.24242424242424,3036.4396654719235,1992.2341696535245,0.28011436028338776,3343.39707033434,501.9490254872564,6.502790045915623,5.81353333861532,2.8986705607108596,3.3339886319687055,5.17105201550216,5.834810737062605,7
Шофиркон,9,bosh,2022,383.2,29.37,17.93,193.6,314.0,0.266,0.235,0.352,0.147,0.207,0.26,99.0,0.652,175.1,11220,751.7,1316.3,13047.327204630576,25.594143684031327,44.81784133469527,3435.0208768267225,1961.6388308977037,0.3061515933000644,3994.4600120049254,509.7778369030198,6.622337308183424,5.948557046096705,2.8864752876170416,3.379973745210529,5.265794174842477,5.749392985908253,8
Шофиркон,9,bosh,2023,338.2,28.86,17.49,207.3,303.0,0.271,0.238,0.332,0.158,0.189,0.26,99.0,0.664,196.3,12340,747.9,1468.1,11718.641718641718,25.914760914760915,50.86971586971587,4340.922531046718,2211.413364872856,0.3517765422242073,4122.343263348125,452.19949191068326,6.617269279197622,5.82363743646448,2.8616292890305104,3.3624565533457247,5.334167019441734,5.713732805509369,9
Шофиркон,9,bosh,2024,322.0,27.93,19.81,218.9,353.0,0.255,0.224,0.356,0.165,0.197,0.26,99.0,0.678,213.9,12780,798.1,1707.1,11528.822055137845,28.5750089509488,61.12065878983172,5301.552795031056,2478.5714285714284,0.41483198709163194,4782.524161958663,403.45821325648416,6.682233902881963,5.7745515455444085,2.9861868607104594,3.3297013799570854,5.388615004528817,5.8664680569332965,10
Қоракўл,10,oxirgi,2014,670.1,35.29,28.22,167.1,237.0,0.402,0.331,0.198,0.069,0.521,0.58,34.4,0.543,44.0,2320,519.2,228.4,18988.38197789742,14.712383111362994,6.472088410314536,340.84465005223103,774.8097298910611,0.14691579743630648,2789.69328030799,1290.639445300462,6.252289165389881,6.507426954979125,3.340030946424668,3.5635996376871786,5.118592435601348,5.4680601411351315,0
Қоракўл,10,oxirgi,2015,526.9,36.12,23.03,179.7,224.0,0.374,0.313,0.225,0.087,0.58,0.58,39.0,0.551,51.0,2570,545.7,278.3,14587.4861572536,15.107973421926912,7.7048726467331115,528.1837160751566,1035.6803947618146,0.20551895567126713,2998.0049209078256,965.5488363569727,6.302069374192186,6.26701077721524,3.136797713832594,3.5868467285487844,5.191288793789513,5.4116460518550396,1
Қоракўл,10,oxirgi,2016,456.6,34.73,23.07,176.7,241.0,0.368,0.298,0.25,0.084,0.601,0.58,54.3,0.558,59.0,2965,453.3,267.5,13147.135041750647,13.05211632594299,7.702274690469335,585.8519491896627,992.7726675427069,0.19758919028319147,2597.7317674432834,1007.2799470549305,6.116554157946804,6.123807734095696,3.138533072185662,3.5476038667559826,5.174453379325651,5.484796933490655,2
Қоракўл,10,oxirgi,2017,492.8,34.2,20.64,230.8,249.0,0.356,0.316,0.219,0.109,0.544,0.58,53.3,0.568,74.0,5120,514.0,380.4,14409.3567251462,15.029239766081872,11.12280701754386,771.9155844155844,1043.0194805194806,0.15076476258116883,2172.4232456140353,958.7548638132296,6.2422232654551655,6.20010341221931,3.027230940613362,3.5322256440685598,5.441551534633945,5.517452896464707,3
Қоракўл,10,oxirgi,2018,482.8,34.27,19.51,229.8,247.0,0.35,0.335,0.204,0.111,0.609,0.58,60.6,0.578,100.0,8340,533.1,533.1,14088.123723373214,15.55587977823169,15.55587977823169,1104.1839270919636,1104.1839270919636,0.13239615432757357,1865.2134026656702,905.6462202213469,6.278709023828715,6.1796024892233765,2.97092715463502,3.5342703358865175,5.437209365414655,5.5093883366279774,4
Қоракўл,10,oxirgi,2019,580.0,34.18,21.87,234.1,263.0,0.3,0.295,0.285,0.12,0.555,0.58,66.3,0.585,115.2,9500,618.1,712.1,16968.987712112346,18.08367466354593,20.833820947922764,1227.7586206896551,1065.6896551724137,0.12923774954627948,2193.0337839918698,938.3594887558647,6.426650256665227,6.363028103540465,3.0851158346886765,3.5316406776874447,5.455748374496865,5.572154032177765,5
Қоракўл,10,oxirgi,2020,501.0,33.97,21.27,252.4,269.0,0.297,0.312,0.268,0.123,0.608,0.58,71.6,0.592,132.8,10480,633.1,840.8,14748.307329997057,18.63703267589049,24.75125110391522,1678.243512974052,1263.6726546906189,0.16013773978760037,2361.760601518628,791.3441794345285,6.450628387550081,6.2166061010848646,3.0572976292121457,3.5254777821724925,5.5310151306670585,5.594711379601839,6
Қоракўл,10,oxirgi,2021,429.6,33.3,19.96,236.7,268.0,0.294,0.288,0.266,0.152,0.495,0.58,74.0,0.603,152.4,10840,619.6,944.3,12900.9009009009,18.606606606606608,28.35735735735736,2198.0912476722533,1442.2718808193667,0.20277594535721893,2615.9923761399773,693.3505487411234,6.429074108542713,6.062854543194655,2.993730270883318,3.505557396986398,5.466793516519938,5.5909869805108565,7
Қоракўл,10,oxirgi,2022,435.0,32.67,17.15,262.6,260.0,0.264,0.258,0.331,0.147,0.516,0.58,84.9,0.613,175.1,11220,596.0,1043.6,13314.967860422406,18.243036424854605,31.943679216406487,2399.080459770115,1370.1149425287356,0.213821787858299,2847.030233191309,729.8657718120805,6.39024066706535,6.075346031088684,2.8419981736119486,3.4864572256129787,5.5706319618686955,5.560681631015528,8
Қоракўл,10,oxirgi,2023,454.1,33.08,18.22,293.6,285.0,0.224,0.239,0.387,0.149,0.507,0.58,91.9,0.624,196.3,12340,695.7,1365.6,13727.3276904474,21.030834340991536,41.281741233373644,3007.2671217793436,1532.041400572561,0.24370073920416074,3345.359905459776,652.7238752335777,6.544918532929596,6.118317438103905,2.9025198918318122,3.4989288701554906,5.682218296740361,5.652489180268651,9
Қоракўл,10,oxirgi,2024,450.6,33.15,22.03,314.9,267.0,0.216,0.198,0.43,0.156,0.439,0.58,94.9,0.637,213.9,12780,812.6,1738.1,13592.760180995476,24.51282051282051,52.431372549019606,3857.301375943187,1803.3732800710163,0.30182326885314453,4102.611310564915,554.5163672163426,6.700238983553627,6.110580027998144,3.092405160814252,3.5010427166318716,5.752255128106979,5.58724865840025,10
Қоровулбозор,11,oxirgi,2014,123.0,7.4,5.13,35.2,232.0,0.395,0.345,0.191,0.069,0.493,0.55,34.8,0.543,44.0,2320,125.0,55.0,16621.62162162162,16.891891891891895,7.4324324324324325,447.1544715447154,1016.260162601626,0.19273899635548078,3203.6346691519107,984.0,4.8283137373023015,4.812184355372417,1.6351056591826783,2.0014800002101243,3.5610460826040513,5.44673737166631,0
Қоровулбозор,11,oxirgi,2015,104.4,7.5,4.75,36.0,239.0,0.417,0.338,0.164,0.081,0.582,0.55,41.6,0.551,51.0,2570,117.3,59.8,13920.0,15.64,7.973333333333333,572.7969348659004,1123.5632183908046,0.2228781847727239,3102.4643320363166,890.0255754475703,4.76473475565943,4.648229675448539,1.55814461804655,2.0149030205422647,3.58351893845611,5.476463551931511,1
Қоровулбозор,11,oxirgi,2016,95.4,7.42,4.79,35.5,224.0,0.377,0.334,0.195,0.095,0.616,0.55,42.7,0.558,59.0,2965,122.5,72.3,12857.142857142857,16.50943396226415,9.743935309973047,757.8616352201258,1284.0670859538784,0.25560257511639994,3286.318822925142,778.7755102040817,4.808111029984782,4.558078578454241,1.5665304114228238,2.004179057179289,3.56953269648137,5.4116460518550396,2
Қоровулбозор,11,oxirgi,2017,108.3,7.27,4.11,44.2,259.0,0.324,0.294,0.288,0.094,0.519,0.55,47.4,0.568,74.0,5120,131.3,97.1,14896.836313617607,18.060522696011006,13.356258596973865,896.5835641735919,1212.3730378578025,0.17511397737765466,2608.6442572214582,824.8286367098249,4.877484781308751,4.684905154006945,1.4134230285081433,1.9837562915454279,3.7887247890836524,5.556828061699537,3
Қоровулбозор,11,oxirgi,2018,96.4,7.24,4.44,49.7,261.0,0.358,0.293,0.237,0.112,0.645,0.55,45.8,0.578,100.0,8340,121.6,121.6,13314.917127071823,16.795580110497237,16.795580110497237,1261.4107883817428,1261.4107883817428,0.1512482959690339,2013.8585264385176,792.7631578947369,4.800736969532067,4.5685062016165,1.4906543764441336,1.979621206397625,3.906004933102583,5.564520407322694,4
Қоровулбозор,11,oxirgi,2019,102.7,7.35,4.3,53.9,271.0,0.297,0.305,0.28,0.118,0.567,0.55,54.1,0.585,115.2,9500,151.8,174.9,13972.78911564626,20.653061224489797,23.79591836734694,1703.018500486855,1478.0915287244402,0.1792651053144058,2504.8335123523093,676.5480895915679,5.02256386496153,4.631812116934513,1.4586150226995167,1.9947003132247452,3.9871304779149512,5.602118820879701,5
Қоровулбозор,11,oxirgi,2020,90.0,7.19,4.14,58.7,259.0,0.28,0.295,0.296,0.129,0.636,0.55,56.8,0.592,132.8,10480,124.7,165.6,12517.385257301808,17.343532684283726,23.031988873435324,1840.0,1385.5555555555557,0.17557251908396945,2197.70886196902,721.7321571772253,4.825910852685991,4.499809670330265,1.4206957878372228,1.9726911717329554,4.072439726834051,5.556828061699537,6
Қоровулбозор,11,oxirgi,2021,79.4,7.06,3.94,58.4,278.0,0.288,0.226,0.356,0.13,0.695,0.55,58.8,0.603,152.4,10840,128.9,196.5,11246.458923512748,18.257790368271955,27.8328611898017,2474.8110831234258,1623.4256926952141,0.22830360545419057,2567.607120830415,615.9813809154383,4.859036909945142,4.37449836825309,1.3711807233098425,1.9544450515051506,4.067315889834181,5.627621113690637,7
Қоровулбозор,11,oxirgi,2022,100.7,7.12,4.21,65.6,273.0,0.264,0.294,0.295,0.146,0.607,0.55,68.8,0.613,175.1,11220,156.7,274.4,14143.258426966293,22.008426966292134,38.53932584269662,2724.9255213505458,1556.1072492552134,0.24286323719701833,3434.8775260870434,642.6292278238673,5.054333149361975,4.612145799724517,1.43746264769429,1.9629077254238845,4.183575695950044,5.60947179518496,8
Қоровулбозор,11,oxirgi,2023,99.5,7.03,4.13,67.0,286.0,0.228,0.241,0.385,0.146,0.551,0.55,76.2,0.624,196.3,12340,175.1,343.8,14153.627311522048,24.907539118065436,48.90469416785206,3455.2763819095476,1759.7989949748744,0.28000618978197306,3963.10325509336,568.246716162193,5.165357239291806,4.600157644164547,1.4182774069729414,1.9501867058225735,4.204692619390966,5.655991810819852,9
Қоровулбозор,11,oxirgi,2024,92.5,7.0,4.32,79.3,261.0,0.257,0.241,0.334,0.168,0.564,0.55,76.6,0.637,213.9,12780,170.6,365.0,13214.285714285714,24.37142857142857,52.14285714285714,3945.945945945946,1844.3243243243244,0.30875946368904117,4080.035770176615,542.2039859320047,5.139321635057579,4.52720864451838,1.463255402256019,1.9459101490553132,4.373238128640803,5.564520407322694,10
